taskid,task_description,priority,category,assigned_to_employeeid
TASK0001,Send project status update to stakeholders,Low,Email,EMP073
TASK0002,Build real-time chat functionality,Low,Feature Update,EMP009
TASK0003,Update installation and setup guide - priority project,Low,Documentation,EMP094
TASK0004,Design icons and visual elements - priority project,High,UI/UX,EMP088
TASK0005,Compile user feedback analysis report - phase 2,High,Report,EMP046
TASK0006,Conduct team retrospective meeting - priority project,Medium,Meeting,EMP012
TASK0007,Generate monthly performance analytics for Q4 milestone,High,Report,EMP087
TASK0008,Generate monthly performance analytics for Q2 milestone,Low,Report,EMP077
TASK0009,Update API documentation for new endpoints for Q4 milestone,High,Documentation,EMP096
TASK0010,Conduct usability testing session,Low,UI/UX,EMP088
TASK0011,Compose client communication regarding updates,Medium,Email,EMP031
TASK0012,Fix responsive design issues - priority project,Medium,Bug Fix,EMP079
TASK0013,Generate system health monitoring report for Q2 milestone,Medium,Report,EMP051
TASK0014,Compile user feedback analysis report - phase 1,Low,Report,EMP048
TASK0015,Debug memory leak in application (updated requirements),Medium,Bug Fix,EMP042
TASK0016,Build real-time chat functionality - priority project,Medium,Feature Update,EMP017
TASK0017,Migrate database to new version - phase 1,Low,Deployment,EMP054
TASK0018,Conduct team retrospective meeting,High,Meeting,EMP065
TASK0019,Develop user experience flow for checkout - phase 1,High,UI/UX,EMP040
TASK0020,Develop user experience flow for checkout (updated requirements),Low,UI/UX,EMP040
TASK0021,Schedule client consultation call for Q4 milestone,Medium,Call,EMP081
TASK0022,Write technical specification document for Q4 milestone,Medium,Documentation,EMP096
TASK0023,Review security implementation in payment gateway for Q2 milestone,Medium,Code Review,EMP086
TASK0024,Build real-time chat functionality for Q2 milestone,High,Feature Update,EMP075
TASK0025,Update API documentation for new endpoints (updated requirements),Medium,Documentation,EMP083
TASK0026,Compose client communication regarding updates - priority project,Medium,Email,EMP041
TASK0027,Add notification system to application,Low,Feature Update,EMP075
TASK0028,Develop user profile management feature,High,Feature Update,EMP009
TASK0029,Design icons and visual elements (updated requirements),Medium,UI/UX,EMP088
TASK0030,Fix responsive design issues for Q4 milestone,Medium,Bug Fix,EMP023
TASK0031,Setup continuous integration pipeline for Q4 milestone,Low,Deployment,EMP100
TASK0032,Schedule client consultation call,Low,Call,EMP021
TASK0033,Review pull request for authentication module - phase 1,Medium,Code Review,EMP058
TASK0034,Conduct usability testing session (updated requirements),Medium,UI/UX,EMP016
TASK0035,Implement new search functionality (updated requirements),Low,Feature Update,EMP003
TASK0036,Plan architecture discussion meeting for Q4 milestone,Medium,Meeting,EMP065
TASK0037,Configure load balancers for high availability for Q3 milestone,High,Deployment,EMP100
TASK0038,Organize stakeholder review session for Q2 milestone,Medium,Meeting,EMP065
TASK0039,Organize stakeholder review session (updated requirements),Medium,Meeting,EMP044
TASK0040,Deploy application to production environment - priority project,High,Deployment,EMP053
TASK0041,Configure server infrastructure for new release - phase 1,Low,Deployment,EMP053
TASK0042,Prepare weekly newsletter for team,Medium,Email,EMP041
TASK0043,Create user manual for new features - priority project,Low,Documentation,EMP014
TASK0044,Create wireframes for dashboard layout - phase 3,Low,UI/UX,EMP040
TASK0045,Compile user feedback analysis report,Medium,Report,EMP061
TASK0046,Compose client communication regarding updates - phase 1,Low,Email,EMP049
TASK0047,Schedule client consultation call,Medium,Call,EMP045
TASK0048,Generate system health monitoring report,Low,Report,EMP087
TASK0049,Compose client communication regarding updates (updated requirements),High,Email,EMP073
TASK0050,Prepare weekly newsletter for team - phase 1,Low,Email,EMP041
TASK0051,Design icons and visual elements,Low,UI/UX,EMP099
TASK0052,Create user manual for new features - phase 3,Medium,Documentation,EMP014
TASK0053,Create project progress summary report - phase 1,High,Report,EMP051
TASK0054,Resolve payment processing bug - priority project,Medium,Bug Fix,EMP002
TASK0055,Develop user experience flow for checkout,High,UI/UX,EMP030
TASK0056,Schedule client consultation call (updated requirements),Low,Call,EMP066
TASK0057,Develop user profile management feature - priority project,Low,Feature Update,EMP036
TASK0058,Validate coding standards in user interface (updated requirements),Low,Code Review,EMP018
TASK0059,Generate monthly performance analytics (updated requirements),High,Report,EMP048
TASK0060,Deploy application to production environment - phase 1,High,Deployment,EMP007
TASK0061,Conduct usability testing session (updated requirements),Medium,UI/UX,EMP099
TASK0062,Review pull request for authentication module,Medium,Code Review,EMP062
TASK0063,Schedule client consultation call (updated requirements),Low,Call,EMP037
TASK0064,Update installation and setup guide for Q4 milestone,Low,Documentation,EMP035
TASK0065,Design user interface for mobile application,Low,UI/UX,EMP040
TASK0066,Send meeting invitation for planning session - priority project,Medium,Email,EMP047
TASK0067,Conduct code review for API endpoints for Q4 milestone,Medium,Code Review,EMP018
TASK0068,Fix login authentication error for Q2 milestone,High,Bug Fix,EMP022
TASK0069,Create wireframes for dashboard layout - priority project,High,UI/UX,EMP092
TASK0070,Review pull request for authentication module,Low,Code Review,EMP018
TASK0071,Configure load balancers for high availability - priority project,Medium,Deployment,EMP100
TASK0072,Create wireframes for dashboard layout,Low,UI/UX,EMP016
TASK0073,Setup continuous integration pipeline (updated requirements),Low,Deployment,EMP100
TASK0074,Validate coding standards in user interface for Q3 milestone,Medium,Code Review,EMP058
TASK0075,Draft announcement for new feature release (updated requirements),Medium,Email,EMP068
TASK0076,Generate monthly performance analytics - phase 3,Medium,Report,EMP087
TASK0077,Compose client communication regarding updates for Q2 milestone,Medium,Email,EMP041
TASK0078,Prepare weekly newsletter for team,Medium,Email,EMP041
TASK0079,Conduct technical support call - phase 1,Medium,Call,EMP045
TASK0080,Configure server infrastructure for new release for Q1 milestone,Medium,Deployment,EMP053
TASK0081,Send project status update to stakeholders - priority project,Low,Email,EMP047
TASK0082,Fix responsive design issues - priority project,High,Bug Fix,EMP032
TASK0083,Review database optimization queries - priority project,High,Code Review,EMP026
TASK0084,Prepare troubleshooting documentation,Medium,Documentation,EMP072
TASK0085,Review pull request for authentication module - phase 2,Medium,Code Review,EMP018
TASK0086,Prepare security audit documentation,Low,Report,EMP087
TASK0087,Setup continuous integration pipeline for Q1 milestone,Medium,Deployment,EMP054
TASK0088,Review database optimization queries - priority project,Low,Code Review,EMP086
TASK0089,Arrange vendor negotiation call for Q3 milestone,Medium,Call,EMP045
TASK0090,Generate system health monitoring report,High,Report,EMP011
TASK0091,Generate monthly performance analytics (updated requirements),Medium,Report,EMP077
TASK0092,Validate coding standards in user interface for Q3 milestone,Medium,Code Review,EMP062
TASK0093,Prepare weekly newsletter for team (updated requirements),Medium,Email,EMP041
TASK0094,Debug memory leak in application - phase 2,High,Bug Fix,EMP001
TASK0095,Design icons and visual elements,Low,UI/UX,EMP043
TASK0096,Resolve data synchronization problem for Q4 milestone,Medium,Bug Fix,EMP079
TASK0097,Implement new search functionality - priority project,High,Feature Update,EMP055
TASK0098,Resolve payment processing bug (updated requirements),Low,Bug Fix,EMP085
TASK0099,Conduct team retrospective meeting (updated requirements),Low,Meeting,EMP012
TASK0100,Prepare troubleshooting documentation (updated requirements),Medium,Documentation,EMP076
TASK0101,Add notification system to application - phase 2,Low,Feature Update,EMP093
TASK0102,Resolve payment processing bug - phase 1,Low,Bug Fix,EMP022
TASK0103,Debug memory leak in application,High,Bug Fix,EMP056
TASK0104,Review database optimization queries,Low,Code Review,EMP027
TASK0105,Migrate database to new version - priority project,Medium,Deployment,EMP013
TASK0106,Send meeting invitation for planning session - priority project,Medium,Email,EMP041
TASK0107,Schedule sprint planning meeting,Medium,Meeting,EMP065
TASK0108,Debug memory leak in application,Medium,Bug Fix,EMP032
TASK0109,Generate monthly performance analytics for Q1 milestone,Medium,Report,EMP087
TASK0110,Draft announcement for new feature release - priority project,Medium,Email,EMP041
TASK0111,Plan architecture discussion meeting - priority project,Medium,Meeting,EMP024
TASK0112,Configure load balancers for high availability,Low,Deployment,EMP054
TASK0113,Prepare troubleshooting documentation,Low,Documentation,EMP076
TASK0114,Plan architecture discussion meeting - phase 3,Medium,Meeting,EMP065
TASK0115,Arrange client demonstration session - priority project,Medium,Meeting,EMP089
TASK0116,Organize stakeholder review session - phase 3,High,Meeting,EMP095
TASK0117,Resolve payment processing bug (updated requirements),High,Bug Fix,EMP022
TASK0118,Review pull request for authentication module (updated requirements),Medium,Code Review,EMP018
TASK0119,Plan architecture discussion meeting for Q4 milestone,Medium,Meeting,EMP044
TASK0120,Prepare security audit documentation,High,Report,EMP051
TASK0121,Conduct usability testing session (updated requirements),Low,UI/UX,EMP099
TASK0122,Develop user profile management feature - phase 3,Medium,Feature Update,EMP075
TASK0123,Update installation and setup guide for Q1 milestone,Medium,Documentation,EMP074
TASK0124,Create project progress summary report for Q3 milestone,Medium,Report,EMP061
TASK0125,Setup continuous integration pipeline - priority project,Low,Deployment,EMP054
TASK0126,Plan architecture discussion meeting,Medium,Meeting,EMP039
TASK0127,Update installation and setup guide,Low,Documentation,EMP096
TASK0128,Migrate database to new version (updated requirements),Medium,Deployment,EMP013
TASK0129,Schedule client consultation call - priority project,Low,Call,EMP081
TASK0130,Configure load balancers for high availability - priority project,Low,Deployment,EMP100
TASK0131,Conduct code review for API endpoints for Q2 milestone,Medium,Code Review,EMP086
TASK0132,Schedule sprint planning meeting - priority project,Medium,Meeting,EMP039
TASK0133,Validate coding standards in user interface (updated requirements),High,Code Review,EMP097
TASK0134,Fix login authentication error - priority project,Low,Bug Fix,EMP042
TASK0135,Fix login authentication error - priority project,High,Bug Fix,EMP032
TASK0136,Resolve payment processing bug - priority project,High,Bug Fix,EMP079
TASK0137,Build real-time chat functionality for Q2 milestone,Low,Feature Update,EMP003
TASK0138,Organize emergency incident response call - priority project,Medium,Call,EMP045
TASK0139,Review pull request for authentication module (updated requirements),Medium,Code Review,EMP091
TASK0140,Compose client communication regarding updates - phase 1,Medium,Email,EMP041
TASK0141,Review database optimization queries (updated requirements),High,Code Review,EMP091
TASK0142,Configure server infrastructure for new release,Medium,Deployment,EMP054
TASK0143,Create project progress summary report,Low,Report,EMP087
TASK0144,Organize stakeholder review session - phase 1,Medium,Meeting,EMP089
TASK0145,Add notification system to application for Q4 milestone,Medium,Feature Update,EMP009
TASK0146,Configure load balancers for high availability for Q1 milestone,Medium,Deployment,EMP013
TASK0147,Build real-time chat functionality - priority project,Medium,Feature Update,EMP055
TASK0148,Generate system health monitoring report - phase 2,High,Report,EMP048
TASK0149,Create user manual for new features - priority project,Low,Documentation,EMP014
TASK0150,Prepare weekly newsletter for team - priority project,Low,Email,EMP041
TASK0151,Setup continuous integration pipeline for Q3 milestone,Medium,Deployment,EMP100
TASK0152,Build real-time chat functionality for Q4 milestone,Low,Feature Update,EMP009
TASK0153,Compose client communication regarding updates - priority project,Medium,Email,EMP041
TASK0154,Create user manual for new features,Medium,Documentation,EMP074
TASK0155,Resolve payment processing bug - priority project,High,Bug Fix,EMP059
TASK0156,Prepare weekly newsletter for team - phase 3,Low,Email,EMP068
TASK0157,Configure server infrastructure for new release,Low,Deployment,EMP054
TASK0158,Debug memory leak in application - phase 3,Medium,Bug Fix,EMP056
TASK0159,Implement new search functionality (updated requirements),Low,Feature Update,EMP093
TASK0160,Create user manual for new features,Low,Documentation,EMP076
TASK0161,Prepare troubleshooting documentation - priority project,High,Documentation,EMP096
TASK0162,Organize emergency incident response call (updated requirements),High,Call,EMP037
TASK0163,Update API documentation for new endpoints - priority project,Medium,Documentation,EMP076
TASK0164,Send meeting invitation for planning session (updated requirements),Medium,Email,EMP063
TASK0165,Plan architecture discussion meeting - phase 1,Medium,Meeting,EMP095
TASK0166,Update installation and setup guide - priority project,High,Documentation,EMP014
TASK0167,Organize emergency incident response call - priority project,Low,Call,EMP010
TASK0168,Configure load balancers for high availability (updated requirements),Medium,Deployment,EMP100
TASK0169,Create project progress summary report (updated requirements),Medium,Report,EMP046
TASK0170,Send meeting invitation for planning session for Q2 milestone,Low,Email,EMP031
TASK0171,Generate monthly performance analytics,Low,Report,EMP048
TASK0172,Arrange client demonstration session - phase 2,Medium,Meeting,EMP012
TASK0173,Develop user profile management feature for Q2 milestone,Low,Feature Update,EMP093
TASK0174,Fix responsive design issues - phase 3,High,Bug Fix,EMP022
TASK0175,Review pull request for authentication module,High,Code Review,EMP091
TASK0176,Conduct usability testing session,Medium,UI/UX,EMP060
TASK0177,Configure load balancers for high availability - priority project,Medium,Deployment,EMP100
TASK0178,Debug memory leak in application - phase 3,Low,Bug Fix,EMP032
TASK0179,Compile user feedback analysis report for Q2 milestone,Medium,Report,EMP048
TASK0180,Prepare security audit documentation (updated requirements),Low,Report,EMP046
TASK0181,Generate system health monitoring report for Q3 milestone,Medium,Report,EMP048
TASK0182,Debug memory leak in application for Q1 milestone,Low,Bug Fix,EMP022
TASK0183,Conduct usability testing session - phase 2,Medium,UI/UX,EMP060
TASK0184,Write technical specification document - priority project,High,Documentation,EMP094
TASK0185,Debug memory leak in application - priority project,High,Bug Fix,EMP056
TASK0186,Generate system health monitoring report - priority project,Medium,Report,EMP028
TASK0187,Update API documentation for new endpoints for Q3 milestone,Low,Documentation,EMP072
TASK0188,Conduct technical support call - phase 2,Medium,Call,EMP010
TASK0189,Deploy application to production environment for Q1 milestone,Medium,Deployment,EMP054
TASK0190,Draft announcement for new feature release for Q2 milestone,Medium,Email,EMP063
TASK0191,Conduct usability testing session (updated requirements),Medium,UI/UX,EMP088
TASK0192,Implement new search functionality,Low,Feature Update,EMP003
TASK0193,Conduct code review for API endpoints - phase 3,Medium,Code Review,EMP078
TASK0194,Plan architecture discussion meeting - phase 3,Low,Meeting,EMP044
TASK0195,Draft announcement for new feature release for Q2 milestone,Low,Email,EMP041
TASK0196,Schedule sprint planning meeting,Low,Meeting,EMP095
TASK0197,Organize stakeholder review session (updated requirements),Medium,Meeting,EMP039
TASK0198,Migrate database to new version - phase 1,High,Deployment,EMP100
TASK0199,Conduct team retrospective meeting - priority project,Medium,Meeting,EMP044
TASK0200,Add notification system to application,Medium,Feature Update,EMP017
TASK0201,Fix responsive design issues,Low,Bug Fix,EMP022
TASK0202,Validate coding standards in user interface - phase 3,Low,Code Review,EMP018
TASK0203,Write technical specification document,Low,Documentation,EMP076
TASK0204,Arrange client demonstration session,Low,Meeting,EMP080
TASK0205,Conduct usability testing session - phase 3,Low,UI/UX,EMP043
TASK0206,Review security implementation in payment gateway,High,Code Review,EMP098
TASK0207,Develop user profile management feature,Low,Feature Update,EMP055
TASK0208,Create advanced reporting dashboard for Q4 milestone,Medium,Feature Update,EMP084
TASK0209,Configure server infrastructure for new release,Medium,Deployment,EMP007
TASK0210,Organize stakeholder review session for Q2 milestone,High,Meeting,EMP033
TASK0211,Create user manual for new features for Q3 milestone,Low,Documentation,EMP014
TASK0212,Draft announcement for new feature release,Low,Email,EMP041
TASK0213,Validate coding standards in user interface (updated requirements),High,Code Review,EMP026
TASK0214,Arrange vendor negotiation call for Q4 milestone,Medium,Call,EMP045
TASK0215,Compile user feedback analysis report - priority project,Medium,Report,EMP061
TASK0216,Generate system health monitoring report - priority project,High,Report,EMP046
TASK0217,Resolve data synchronization problem - priority project,Low,Bug Fix,EMP001
TASK0218,Send meeting invitation for planning session - priority project,Medium,Email,EMP031
TASK0219,Send meeting invitation for planning session,High,Email,EMP031
TASK0220,Create wireframes for dashboard layout (updated requirements),Medium,UI/UX,EMP088
TASK0221,Resolve payment processing bug,Medium,Bug Fix,EMP056
TASK0222,Organize stakeholder review session (updated requirements),Medium,Meeting,EMP039
TASK0223,Prepare weekly newsletter for team (updated requirements),Medium,Email,EMP041
TASK0224,Design user interface for mobile application (updated requirements),High,UI/UX,EMP016
TASK0225,Review database optimization queries - phase 2,Medium,Code Review,EMP018
TASK0226,Fix login authentication error,Medium,Bug Fix,EMP085
TASK0227,Review security implementation in payment gateway,Medium,Code Review,EMP018
TASK0228,Arrange vendor negotiation call for Q2 milestone,Medium,Call,EMP057
TASK0229,Generate monthly performance analytics (updated requirements),Medium,Report,EMP028
TASK0230,Arrange client demonstration session - phase 3,Medium,Meeting,EMP065
TASK0231,Deploy application to production environment (updated requirements),Medium,Deployment,EMP007
TASK0232,Review pull request for authentication module (updated requirements),Low,Code Review,EMP078
TASK0233,Send meeting invitation for planning session - phase 3,Low,Email,EMP041
TASK0234,Update installation and setup guide - priority project,Low,Documentation,EMP096
TASK0235,Review database optimization queries - priority project,Medium,Code Review,EMP078
TASK0236,Plan architecture discussion meeting for Q4 milestone,Medium,Meeting,EMP024
TASK0237,Design user interface for mobile application - phase 1,High,UI/UX,EMP030
TASK0238,Configure server infrastructure for new release for Q3 milestone,Low,Deployment,EMP100
TASK0239,Fix login authentication error,Medium,Bug Fix,EMP042
TASK0240,Send meeting invitation for planning session,Low,Email,EMP049
TASK0241,Review pull request for authentication module,High,Code Review,EMP091
TASK0242,Prepare security audit documentation - phase 2,Medium,Report,EMP087
TASK0243,Prepare weekly newsletter for team,Medium,Email,EMP068
TASK0244,Deploy application to production environment,Medium,Deployment,EMP053
TASK0245,Develop user experience flow for checkout,Medium,UI/UX,EMP043
TASK0246,Compose client communication regarding updates - priority project,Medium,Email,EMP049
TASK0247,Create user manual for new features - priority project,Medium,Documentation,EMP096
TASK0248,Validate coding standards in user interface for Q1 milestone,Low,Code Review,EMP018
TASK0249,Design icons and visual elements - priority project,Medium,UI/UX,EMP088
TASK0250,Validate coding standards in user interface - phase 3,High,Code Review,EMP052
TASK0251,Design icons and visual elements (updated requirements),High,UI/UX,EMP005
TASK0252,Conduct usability testing session for Q2 milestone,Low,UI/UX,EMP060
TASK0253,Design icons and visual elements - phase 3,High,UI/UX,EMP043
TASK0254,Update installation and setup guide for Q2 milestone,Low,Documentation,EMP074
TASK0255,Prepare security audit documentation (updated requirements),Low,Report,EMP061
TASK0256,Schedule client consultation call for Q2 milestone,High,Call,EMP045
TASK0257,Implement new search functionality for Q4 milestone,Low,Feature Update,EMP003
TASK0258,Build real-time chat functionality for Q2 milestone,Low,Feature Update,EMP055
TASK0259,Update API documentation for new endpoints,Low,Documentation,EMP094
TASK0260,Review security implementation in payment gateway for Q4 milestone,High,Code Review,EMP086
TASK0261,Update API documentation for new endpoints - phase 2,Low,Documentation,EMP094
TASK0262,Review pull request for authentication module,Low,Code Review,EMP019
TASK0263,Compose client communication regarding updates for Q3 milestone,Low,Email,EMP047
TASK0264,Generate monthly performance analytics - phase 3,Medium,Report,EMP051
TASK0265,Schedule client consultation call (updated requirements),High,Call,EMP050
TASK0266,Add notification system to application - phase 3,Low,Feature Update,EMP003
TASK0267,Migrate database to new version,Low,Deployment,EMP053
TASK0268,Plan architecture discussion meeting (updated requirements),High,Meeting,EMP039
TASK0269,Create wireframes for dashboard layout (updated requirements),Medium,UI/UX,EMP040
TASK0270,Add notification system to application,High,Feature Update,EMP029
TASK0271,Arrange client demonstration session - phase 1,Medium,Meeting,EMP090
TASK0272,Conduct technical support call,High,Call,EMP010
TASK0273,Fix responsive design issues - phase 2,Low,Bug Fix,EMP085
TASK0274,Build real-time chat functionality,Medium,Feature Update,EMP003
TASK0275,Add notification system to application,Medium,Feature Update,EMP036
TASK0276,Organize stakeholder review session (updated requirements),Medium,Meeting,EMP039
TASK0277,Review pull request for authentication module - priority project,Low,Code Review,EMP058
TASK0278,Compose client communication regarding updates for Q2 milestone,Medium,Email,EMP041
TASK0279,Draft announcement for new feature release (updated requirements),High,Email,EMP031
TASK0280,Configure server infrastructure for new release - phase 2,Medium,Deployment,EMP100
TASK0281,Develop user profile management feature (updated requirements),High,Feature Update,EMP009
TASK0282,Prepare weekly newsletter for team - priority project,Medium,Email,EMP073
TASK0283,Update API documentation for new endpoints - phase 1,High,Documentation,EMP096
TASK0284,Configure load balancers for high availability - priority project,Medium,Deployment,EMP013
TASK0285,Create wireframes for dashboard layout for Q4 milestone,Medium,UI/UX,EMP030
TASK0286,Organize stakeholder review session - phase 3,Low,Meeting,EMP069
TASK0287,Arrange vendor negotiation call - phase 3,Medium,Call,EMP045
TASK0288,Review security implementation in payment gateway,Medium,Code Review,EMP018
TASK0289,Design user interface for mobile application - priority project,Low,UI/UX,EMP088
TASK0290,Migrate database to new version,Low,Deployment,EMP053
TASK0291,Arrange client demonstration session for Q4 milestone,Low,Meeting,EMP095
TASK0292,Draft announcement for new feature release - phase 2,Medium,Email,EMP073
TASK0293,Conduct technical support call - phase 3,Low,Call,EMP037
TASK0294,Create user manual for new features - phase 3,Low,Documentation,EMP014
TASK0295,Review database optimization queries for Q1 milestone,Low,Code Review,EMP018
TASK0296,Setup continuous integration pipeline - phase 3,High,Deployment,EMP007
TASK0297,Update installation and setup guide - priority project,Medium,Documentation,EMP074
TASK0298,Add notification system to application - phase 2,Low,Feature Update,EMP003
TASK0299,Fix login authentication error for Q1 milestone,Medium,Bug Fix,EMP022
TASK0300,Create user manual for new features (updated requirements),Medium,Documentation,EMP082
TASK0301,Implement new search functionality (updated requirements),Medium,Feature Update,EMP075
TASK0302,Design icons and visual elements - phase 3,Low,UI/UX,EMP005
TASK0303,Arrange vendor negotiation call - priority project,Low,Call,EMP010
TASK0304,Design icons and visual elements (updated requirements),Medium,UI/UX,EMP088
TASK0305,Arrange vendor negotiation call - priority project,Medium,Call,EMP045
TASK0306,Add notification system to application (updated requirements),High,Feature Update,EMP075
TASK0307,Fix login authentication error for Q1 milestone,Low,Bug Fix,EMP022
TASK0308,Schedule sprint planning meeting for Q1 milestone,Medium,Meeting,EMP095
TASK0309,Prepare troubleshooting documentation for Q4 milestone,Medium,Documentation,EMP076
TASK0310,Review security implementation in payment gateway,High,Code Review,EMP018
TASK0311,Prepare security audit documentation,Low,Report,EMP046
TASK0312,Plan architecture discussion meeting,Medium,Meeting,EMP039
TASK0313,Schedule client consultation call for Q4 milestone,Medium,Call,EMP021
TASK0314,Fix responsive design issues - priority project,Low,Bug Fix,EMP032
TASK0315,Conduct code review for API endpoints (updated requirements),High,Code Review,EMP018
TASK0316,Compose client communication regarding updates - priority project,Medium,Email,EMP063
TASK0317,Draft announcement for new feature release (updated requirements),Medium,Email,EMP063
TASK0318,Resolve payment processing bug (updated requirements),Medium,Bug Fix,EMP085
TASK0319,Debug memory leak in application for Q4 milestone,Low,Bug Fix,EMP032
TASK0320,Arrange vendor negotiation call,Medium,Call,EMP045
TASK0321,Organize stakeholder review session (updated requirements),Medium,Meeting,EMP033
TASK0322,Review database optimization queries - priority project,High,Code Review,EMP052
TASK0323,Send meeting invitation for planning session - phase 3,Medium,Email,EMP063
TASK0324,Develop user profile management feature - phase 1,Low,Feature Update,EMP009
TASK0325,Update installation and setup guide - phase 1,Low,Documentation,EMP076
TASK0326,Plan architecture discussion meeting - phase 3,Medium,Meeting,EMP069
TASK0327,Organize stakeholder review session - priority project,Low,Meeting,EMP095
TASK0328,Setup continuous integration pipeline (updated requirements),Medium,Deployment,EMP100
TASK0329,Conduct team retrospective meeting (updated requirements),Low,Meeting,EMP090
TASK0330,Configure server infrastructure for new release - priority project,High,Deployment,EMP100
TASK0331,Compile user feedback analysis report,Medium,Report,EMP077
TASK0332,Create advanced reporting dashboard,High,Feature Update,EMP009
TASK0333,Plan architecture discussion meeting - priority project,Low,Meeting,EMP004
TASK0334,Build real-time chat functionality - priority project,Low,Feature Update,EMP084
TASK0335,Write technical specification document - priority project,Medium,Documentation,EMP076
TASK0336,Schedule sprint planning meeting - phase 2,Medium,Meeting,EMP080
TASK0337,Conduct technical support call,Low,Call,EMP020
TASK0338,Compile user feedback analysis report (updated requirements),Low,Report,EMP046
TASK0339,Update installation and setup guide (updated requirements),Medium,Documentation,EMP096
TASK0340,Add notification system to application (updated requirements),Low,Feature Update,EMP075
TASK0341,Organize stakeholder review session,Medium,Meeting,EMP044
TASK0342,Conduct technical support call (updated requirements),Low,Call,EMP070
TASK0343,Create wireframes for dashboard layout,Medium,UI/UX,EMP099
TASK0344,Develop user experience flow for checkout - phase 2,Medium,UI/UX,EMP040
TASK0345,Generate system health monitoring report - phase 1,Low,Report,EMP028
TASK0346,Organize stakeholder review session,Medium,Meeting,EMP012
TASK0347,Validate coding standards in user interface,Medium,Code Review,EMP058
TASK0348,Conduct code review for API endpoints - phase 2,Low,Code Review,EMP078
TASK0349,Create project progress summary report - priority project,Medium,Report,EMP061
TASK0350,Fix responsive design issues - priority project,Low,Bug Fix,EMP059
TASK0351,Organize emergency incident response call (updated requirements),Medium,Call,EMP045
TASK0352,Resolve data synchronization problem (updated requirements),High,Bug Fix,EMP022
TASK0353,Create project progress summary report,Low,Report,EMP008
TASK0354,Compose client communication regarding updates (updated requirements),Medium,Email,EMP041
TASK0355,Schedule client consultation call - priority project,Medium,Call,EMP081
TASK0356,Fix responsive design issues (updated requirements),Low,Bug Fix,EMP022
TASK0357,Create project progress summary report (updated requirements),Low,Report,EMP077
TASK0358,Draft announcement for new feature release,Medium,Email,EMP025
TASK0359,Resolve data synchronization problem - phase 3,Medium,Bug Fix,EMP042
TASK0360,Develop user profile management feature (updated requirements),Medium,Feature Update,EMP009
TASK0361,Configure load balancers for high availability - phase 1,Medium,Deployment,EMP053
TASK0362,Add notification system to application - priority project,Medium,Feature Update,EMP003
TASK0363,Schedule sprint planning meeting for Q4 milestone,Low,Meeting,EMP090
TASK0364,Compile user feedback analysis report - priority project,Medium,Report,EMP087
TASK0365,Validate coding standards in user interface - phase 1,Low,Code Review,EMP091
TASK0366,Prepare troubleshooting documentation,Low,Documentation,EMP014
TASK0367,Prepare security audit documentation for Q3 milestone,Medium,Report,EMP051
TASK0368,Implement new search functionality - priority project,Medium,Feature Update,EMP003
TASK0369,Conduct code review for API endpoints,Medium,Code Review,EMP098
TASK0370,Arrange vendor negotiation call,Low,Call,EMP037
TASK0371,Develop user experience flow for checkout - phase 1,Medium,UI/UX,EMP099
TASK0372,Deploy application to production environment for Q3 milestone,Medium,Deployment,EMP100
TASK0373,Arrange vendor negotiation call (updated requirements),Medium,Call,EMP020
TASK0374,Draft announcement for new feature release,Medium,Email,EMP025
TASK0375,Implement new search functionality - priority project,High,Feature Update,EMP055
TASK0376,Plan architecture discussion meeting,Medium,Meeting,EMP095
TASK0377,Compose client communication regarding updates - phase 2,Medium,Email,EMP031
TASK0378,Generate monthly performance analytics - priority project,Low,Report,EMP028
TASK0379,Compile user feedback analysis report,Medium,Report,EMP048
TASK0380,Resolve data synchronization problem (updated requirements),Medium,Bug Fix,EMP085
TASK0381,Review database optimization queries - phase 1,Low,Code Review,EMP018
TASK0382,Configure load balancers for high availability - phase 1,Low,Deployment,EMP100
TASK0383,Review pull request for authentication module (updated requirements),High,Code Review,EMP052
TASK0384,Prepare security audit documentation - phase 1,Medium,Report,EMP061
TASK0385,Compose client communication regarding updates (updated requirements),Low,Email,EMP041
TASK0386,Compose client communication regarding updates - priority project,Medium,Email,EMP041
TASK0387,Schedule client consultation call - phase 1,Medium,Call,EMP020
TASK0388,Debug memory leak in application,Medium,Bug Fix,EMP032
TASK0389,Draft announcement for new feature release (updated requirements),Low,Email,EMP041
TASK0390,Implement new search functionality - priority project,High,Feature Update,EMP009
TASK0391,Organize emergency incident response call for Q1 milestone,Low,Call,EMP081
TASK0392,Generate system health monitoring report,Low,Report,EMP048
TASK0393,Schedule client consultation call - priority project,Low,Call,EMP045
TASK0394,Migrate database to new version - phase 1,Low,Deployment,EMP100
TASK0395,Configure load balancers for high availability (updated requirements),High,Deployment,EMP007
TASK0396,Organize emergency incident response call,Medium,Call,EMP057
TASK0397,Validate coding standards in user interface (updated requirements),Medium,Code Review,EMP018
TASK0398,Fix responsive design issues (updated requirements),Low,Bug Fix,EMP023
TASK0399,Conduct technical support call,Medium,Call,EMP070
TASK0400,Create user manual for new features,Medium,Documentation,EMP096
TASK0401,Conduct team retrospective meeting - phase 2,Low,Meeting,EMP065
TASK0402,Resolve payment processing bug (updated requirements),Low,Bug Fix,EMP032
TASK0403,Prepare troubleshooting documentation,Low,Documentation,EMP076
TASK0404,Fix login authentication error - priority project,Medium,Bug Fix,EMP042
TASK0405,Schedule client consultation call for Q1 milestone,Medium,Call,EMP021
TASK0406,Draft announcement for new feature release,Medium,Email,EMP034
TASK0407,Write technical specification document (updated requirements),Medium,Documentation,EMP076
TASK0408,Validate coding standards in user interface (updated requirements),Low,Code Review,EMP086
TASK0409,Conduct team retrospective meeting (updated requirements),Medium,Meeting,EMP004
TASK0410,Deploy application to production environment for Q2 milestone,High,Deployment,EMP071
TASK0411,Implement new search functionality - phase 1,High,Feature Update,EMP009
TASK0412,Debug memory leak in application - phase 3,Medium,Bug Fix,EMP001
TASK0413,Develop user profile management feature for Q4 milestone,Medium,Feature Update,EMP009
TASK0414,Create wireframes for dashboard layout - phase 2,Medium,UI/UX,EMP040
TASK0415,Compose client communication regarding updates,Low,Email,EMP047
TASK0416,Schedule sprint planning meeting (updated requirements),High,Meeting,EMP065
TASK0417,Review database optimization queries - priority project,High,Code Review,EMP026
TASK0418,Review database optimization queries,Medium,Code Review,EMP078
TASK0419,Design icons and visual elements (updated requirements),Medium,UI/UX,EMP060
TASK0420,Resolve data synchronization problem for Q3 milestone,Medium,Bug Fix,EMP032
TASK0421,Setup continuous integration pipeline,Medium,Deployment,EMP054
TASK0422,Organize emergency incident response call,Medium,Call,EMP081
TASK0423,Create wireframes for dashboard layout - phase 2,Medium,UI/UX,EMP005
TASK0424,Develop user profile management feature,Medium,Feature Update,EMP036
TASK0425,Update installation and setup guide - priority project,Medium,Documentation,EMP096
TASK0426,Organize stakeholder review session - priority project,Low,Meeting,EMP090
TASK0427,Prepare security audit documentation - priority project,High,Report,EMP051
TASK0428,Compose client communication regarding updates - priority project,Low,Email,EMP031
TASK0429,Plan architecture discussion meeting,Low,Meeting,EMP039
TASK0430,Develop user profile management feature - phase 1,High,Feature Update,EMP009
TASK0431,Conduct technical support call - phase 2,Low,Call,EMP070
TASK0432,Create user manual for new features - phase 2,Medium,Documentation,EMP096
TASK0433,Debug memory leak in application,Medium,Bug Fix,EMP085
TASK0434,Conduct code review for API endpoints - priority project,Medium,Code Review,EMP091
TASK0435,Configure load balancers for high availability (updated requirements),Medium,Deployment,EMP100
TASK0436,Conduct team retrospective meeting,Medium,Meeting,EMP039
TASK0437,Conduct team retrospective meeting (updated requirements),Medium,Meeting,EMP089
TASK0438,Draft announcement for new feature release,Medium,Email,EMP063
TASK0439,Create advanced reporting dashboard for Q2 milestone,Medium,Feature Update,EMP009
TASK0440,Review security implementation in payment gateway - priority project,Low,Code Review,EMP062
TASK0441,Schedule client consultation call - phase 1,Low,Call,EMP021
TASK0442,Send project status update to stakeholders,Medium,Email,EMP068
TASK0443,Create user manual for new features (updated requirements),Medium,Documentation,EMP076
TASK0444,Validate coding standards in user interface (updated requirements),Low,Code Review,EMP091
TASK0445,Validate coding standards in user interface for Q3 milestone,Low,Code Review,EMP078
TASK0446,Compile user feedback analysis report,Low,Report,EMP061
TASK0447,Create user manual for new features,Low,Documentation,EMP096
TASK0448,Generate system health monitoring report - phase 1,High,Report,EMP087
TASK0449,Send project status update to stakeholders (updated requirements),Medium,Email,EMP068
TASK0450,Send meeting invitation for planning session (updated requirements),Medium,Email,EMP031
